<keymap version="1" name="VSCode (macOS) copy" parent="VSCode OSX">
  <action id="ActivateBookmarksToolWindow" />
  <action id="BuildSolutionAction" />
  <action id="CompileDirty" />
  <action id="DuplicatesForm.SendToLeft" />
  <action id="DuplicatesForm.SendToRight" />
  <action id="EditorCloneCaretAbove">
    <keyboard-shortcut first-keystroke="shift meta alt up" />
    <keyboard-shortcut first-keystroke="meta alt up" />
    <keyboard-shortcut first-keystroke="shift meta up" />
  </action>
  <action id="EditorCloneCaretBelow">
    <keyboard-shortcut first-keystroke="shift meta alt down" />
    <keyboard-shortcut first-keystroke="meta alt down" />
    <keyboard-shortcut first-keystroke="shift meta down" />
  </action>
  <action id="EditorDuplicate">
    <keyboard-shortcut first-keystroke="shift alt down" />
    <keyboard-shortcut first-keystroke="shift ctrl down" />
  </action>
  <action id="FileChooser.GotoHome" />
  <action id="FileChooser.GotoProject" />
  <action id="MethodDown">
    <keyboard-shortcut first-keystroke="shift ctrl page_down" />
  </action>
  <action id="MethodUp">
    <keyboard-shortcut first-keystroke="shift ctrl up" />
    <keyboard-shortcut first-keystroke="shift ctrl home" />
    <keyboard-shortcut first-keystroke="shift ctrl page_up" />
  </action>
  <action id="NextSplitter">
    <keyboard-shortcut first-keystroke="alt tab" />
    <keyboard-shortcut first-keystroke="meta 2" />
  </action>
  <action id="NextTab">
    <keyboard-shortcut first-keystroke="meta alt right" />
  </action>
  <action id="PrevSplitter">
    <keyboard-shortcut first-keystroke="shift alt tab" />
    <keyboard-shortcut first-keystroke="meta 1" />
  </action>
  <action id="PreviousTab">
    <keyboard-shortcut first-keystroke="meta alt left" />
  </action>
  <action id="ShowContent" />
  <action id="ToggleDistractionFreeMode">
    <keyboard-shortcut first-keystroke="shift meta b" />
  </action>
  <action id="android.device.back.button" />
</keymap>