<keymap version="1" name="VSCode (macOS) copy" parent="VSCode OSX">
  <action id="ActivateBookmarksToolWindow" />
  <action id="ActivateRunToolWindow" />
  <action id="Back">
    <keyboard-shortcut first-keystroke="ctrl meta left" />
  </action>
  <action id="BuildSolutionAction" />
  <action id="CompileDirty" />
  <action id="ContextRun">
    <keyboard-shortcut first-keystroke="shift meta t" />
  </action>
  <action id="Diff.ApplyLeftSide" />
  <action id="Diff.ApplyRightSide" />
  <action id="DuplicatesForm.SendToLeft" />
  <action id="DuplicatesForm.SendToRight" />
  <action id="EditorCloneCaretAbove">
    <keyboard-shortcut first-keystroke="shift meta alt up" />
    <keyboard-shortcut first-keystroke="meta alt up" />
    <keyboard-shortcut first-keystroke="shift meta up" />
  </action>
  <action id="EditorCloneCaretBelow">
    <keyboard-shortcut first-keystroke="shift meta alt down" />
    <keyboard-shortcut first-keystroke="meta alt down" />
    <keyboard-shortcut first-keystroke="shift meta down" />
  </action>
  <action id="EditorDuplicate" />
  <action id="FileChooser.GotoHome" />
  <action id="FileChooser.GotoProject" />
  <action id="FindUsages">
    <keyboard-shortcut first-keystroke="shift alt f12" />
    <keyboard-shortcut first-keystroke="shift meta u" />
  </action>
  <action id="Forward">
    <keyboard-shortcut first-keystroke="ctrl meta right" />
  </action>
  <action id="GotoDeclarationOnly">
    <keyboard-shortcut first-keystroke="ctrl meta enter" />
  </action>
  <action id="Markdown.Styling.CreateLink" />
  <action id="MethodUp" />
  <action id="MoveEditorToOppositeTabGroup" />
  <action id="MoveTabRight" />
  <action id="NextSplitter">
    <keyboard-shortcut first-keystroke="alt tab" />
    <keyboard-shortcut first-keystroke="meta 2" />
  </action>
  <action id="NextTab">
    <keyboard-shortcut first-keystroke="meta alt right" />
  </action>
  <action id="PrevSplitter">
    <keyboard-shortcut first-keystroke="shift alt tab" />
    <keyboard-shortcut first-keystroke="meta 1" />
  </action>
  <action id="PreviousTab">
    <keyboard-shortcut first-keystroke="meta alt left" />
  </action>
  <action id="ReopenClosedTab" />
  <action id="ResourceExplorer.show" />
  <action id="ServiceView.ShowServices" />
  <action id="ShowContent" />
  <action id="ToggleDistractionFreeMode">
    <keyboard-shortcut first-keystroke="shift meta b" />
  </action>
  <action id="android.device.back.button" />
  <action id="android.device.volume.up.button" />
  <action id="android.emulator.tilt" />
</keymap>